1311877812.989574,1311877812.989574.png
1311877813.025527,1311877813.025527.png
1311877813.057556,1311877813.057556.png
1311877813.089405,1311877813.089405.png
1311877813.125501,1311877813.125501.png
1311877813.157587,1311877813.157587.png
1311877813.189508,1311877813.189508.png
1311877813.225602,1311877813.225602.png
1311877813.257576,1311877813.257576.png
1311877813.289732,1311877813.289732.png
1311877813.325436,1311877813.325436.png
1311877813.357541,1311877813.357541.png
1311877813.389768,1311877813.389768.png
1311877813.425359,1311877813.425359.png
1311877813.457628,1311877813.457628.png
1311877813.489875,1311877813.489875.png
1311877813.525557,1311877813.525557.png
1311877813.557676,1311877813.557676.png
1311877813.594080,1311877813.594080.png
1311877813.625559,1311877813.625559.png
1311877813.657668,1311877813.657668.png
1311877813.695494,1311877813.695494.png
1311877813.725503,1311877813.725503.png
1311877813.757694,1311877813.757694.png
1311877813.792881,1311877813.792881.png
1311877813.825509,1311877813.825509.png
1311877813.857587,1311877813.857587.png
1311877813.893854,1311877813.893854.png
1311877813.925565,1311877813.925565.png
1311877813.957675,1311877813.957675.png
1311877813.991666,1311877813.991666.png
1311877814.025472,1311877814.025472.png
1311877814.057698,1311877814.057698.png
1311877814.092773,1311877814.092773.png
1311877814.125650,1311877814.125650.png
1311877814.157619,1311877814.157619.png
1311877814.192280,1311877814.192280.png
1311877814.225379,1311877814.225379.png
1311877814.257640,1311877814.257640.png
1311877814.294990,1311877814.294990.png
1311877814.325398,1311877814.325398.png
1311877814.357691,1311877814.357691.png
1311877814.392353,1311877814.392353.png
1311877814.425457,1311877814.425457.png
1311877814.459596,1311877814.459596.png
1311877814.493033,1311877814.493033.png
1311877814.525561,1311877814.525561.png
1311877814.557521,1311877814.557521.png
1311877814.592543,1311877814.592543.png
1311877814.625509,1311877814.625509.png
1311877814.657598,1311877814.657598.png
1311877814.691422,1311877814.691422.png
1311877814.725391,1311877814.725391.png
1311877814.762696,1311877814.762696.png
1311877814.791103,1311877814.791103.png
1311877814.825412,1311877814.825412.png
1311877814.859231,1311877814.859231.png
1311877814.891052,1311877814.891052.png
1311877814.925510,1311877814.925510.png
1311877814.959872,1311877814.959872.png
1311877814.991205,1311877814.991205.png
1311877815.025449,1311877815.025449.png
1311877815.060025,1311877815.060025.png
1311877815.092158,1311877815.092158.png
1311877815.125416,1311877815.125416.png
1311877815.163400,1311877815.163400.png
1311877815.191571,1311877815.191571.png
1311877815.225555,1311877815.225555.png
1311877815.261250,1311877815.261250.png
1311877815.291605,1311877815.291605.png
1311877815.325427,1311877815.325427.png
1311877815.360528,1311877815.360528.png
1311877815.392278,1311877815.392278.png
1311877815.425559,1311877815.425559.png
1311877815.461537,1311877815.461537.png
1311877815.491356,1311877815.491356.png
1311877815.525476,1311877815.525476.png
1311877815.559086,1311877815.559086.png
1311877815.591254,1311877815.591254.png
1311877815.626326,1311877815.626326.png
1311877815.661978,1311877815.661978.png
1311877815.691679,1311877815.691679.png
1311877815.725655,1311877815.725655.png
1311877815.759140,1311877815.759140.png
1311877815.792670,1311877815.792670.png
1311877815.825424,1311877815.825424.png
1311877815.862646,1311877815.862646.png
1311877815.891448,1311877815.891448.png
1311877815.925456,1311877815.925456.png
1311877815.959475,1311877815.959475.png
1311877815.991435,1311877815.991435.png
1311877816.031231,1311877816.031231.png
1311877816.059862,1311877816.059862.png
1311877816.091086,1311877816.091086.png
1311877816.129751,1311877816.129751.png
1311877816.158967,1311877816.158967.png
1311877816.191596,1311877816.191596.png
1311877816.228832,1311877816.228832.png
1311877816.259033,1311877816.259033.png
1311877816.293882,1311877816.293882.png
1311877816.327025,1311877816.327025.png
1311877816.359068,1311877816.359068.png
1311877816.391086,1311877816.391086.png
1311877816.427148,1311877816.427148.png
1311877816.458937,1311877816.458937.png
1311877816.491236,1311877816.491236.png
1311877816.527392,1311877816.527392.png
1311877816.559041,1311877816.559041.png
1311877816.591873,1311877816.591873.png
1311877816.629076,1311877816.629076.png
1311877816.658934,1311877816.658934.png
1311877816.691439,1311877816.691439.png
1311877816.726857,1311877816.726857.png
1311877816.759105,1311877816.759105.png
1311877816.791506,1311877816.791506.png
1311877816.828557,1311877816.828557.png
1311877816.858947,1311877816.858947.png
1311877816.891247,1311877816.891247.png
1311877816.929176,1311877816.929176.png
1311877816.958997,1311877816.958997.png
1311877816.990936,1311877816.990936.png
1311877817.026998,1311877817.026998.png
1311877817.061412,1311877817.061412.png
1311877817.091883,1311877817.091883.png
1311877817.128643,1311877817.128643.png
1311877817.159103,1311877817.159103.png
1311877817.191182,1311877817.191182.png
1311877817.230681,1311877817.230681.png
1311877817.259016,1311877817.259016.png
1311877817.289275,1311877817.289275.png
1311877817.327038,1311877817.327038.png
1311877817.359164,1311877817.359164.png
1311877817.389602,1311877817.389602.png
1311877817.430327,1311877817.430327.png
1311877817.461130,1311877817.461130.png
1311877817.489446,1311877817.489446.png
1311877817.526989,1311877817.526989.png
1311877817.559906,1311877817.559906.png
1311877817.589557,1311877817.589557.png
1311877817.627174,1311877817.627174.png
1311877817.661206,1311877817.661206.png
1311877817.689455,1311877817.689455.png
1311877817.728646,1311877817.728646.png
1311877817.759971,1311877817.759971.png
1311877817.789376,1311877817.789376.png
1311877817.829434,1311877817.829434.png
1311877817.859349,1311877817.859349.png
1311877817.889415,1311877817.889415.png
1311877817.926799,1311877817.926799.png
1311877817.958901,1311877817.958901.png
1311877817.989532,1311877817.989532.png
1311877818.028421,1311877818.028421.png
1311877818.061678,1311877818.061678.png
1311877818.089521,1311877818.089521.png
1311877818.126862,1311877818.126862.png
1311877818.158877,1311877818.158877.png
1311877818.189435,1311877818.189435.png
1311877818.229512,1311877818.229512.png
1311877818.258707,1311877818.258707.png
1311877818.289499,1311877818.289499.png
1311877818.327377,1311877818.327377.png
1311877818.359023,1311877818.359023.png
1311877818.389510,1311877818.389510.png
1311877818.428147,1311877818.428147.png
1311877818.457861,1311877818.457861.png
1311877818.489980,1311877818.489980.png
1311877818.528357,1311877818.528357.png
1311877818.557713,1311877818.557713.png
1311877818.589458,1311877818.589458.png
1311877818.629385,1311877818.629385.png
1311877818.657559,1311877818.657559.png
1311877818.689838,1311877818.689838.png
1311877818.727990,1311877818.727990.png
1311877818.757401,1311877818.757401.png
1311877818.789311,1311877818.789311.png
1311877818.827226,1311877818.827226.png
1311877818.857457,1311877818.857457.png
1311877818.889444,1311877818.889444.png
1311877818.928459,1311877818.928459.png
1311877818.957439,1311877818.957439.png
1311877818.989328,1311877818.989328.png
1311877819.026798,1311877819.026798.png
1311877819.057291,1311877819.057291.png
1311877819.089308,1311877819.089308.png
1311877819.129339,1311877819.129339.png
1311877819.157351,1311877819.157351.png
1311877819.189407,1311877819.189407.png
1311877819.227850,1311877819.227850.png
1311877819.257478,1311877819.257478.png
1311877819.289356,1311877819.289356.png
1311877819.329949,1311877819.329949.png
1311877819.357433,1311877819.357433.png
1311877819.389372,1311877819.389372.png
1311877819.428005,1311877819.428005.png
1311877819.457350,1311877819.457350.png
1311877819.489362,1311877819.489362.png
1311877819.526915,1311877819.526915.png
1311877819.557471,1311877819.557471.png
1311877819.589244,1311877819.589244.png
1311877819.626949,1311877819.626949.png
1311877819.657413,1311877819.657413.png
1311877819.699018,1311877819.699018.png
1311877819.727070,1311877819.727070.png
1311877819.757423,1311877819.757423.png
1311877819.794896,1311877819.794896.png
1311877819.825314,1311877819.825314.png
1311877819.857345,1311877819.857345.png
1311877819.894791,1311877819.894791.png
1311877819.925329,1311877819.925329.png
1311877819.957483,1311877819.957483.png
1311877819.997575,1311877819.997575.png
1311877820.025407,1311877820.025407.png
1311877820.057428,1311877820.057428.png
1311877820.098203,1311877820.098203.png
1311877820.125294,1311877820.125294.png
1311877820.157381,1311877820.157381.png
1311877820.197244,1311877820.197244.png
1311877820.225327,1311877820.225327.png
1311877820.257375,1311877820.257375.png
1311877820.295642,1311877820.295642.png
1311877820.325351,1311877820.325351.png
1311877820.357383,1311877820.357383.png
1311877820.398128,1311877820.398128.png
1311877820.425382,1311877820.425382.png
1311877820.457448,1311877820.457448.png
1311877820.497358,1311877820.497358.png
1311877820.525446,1311877820.525446.png
1311877820.557545,1311877820.557545.png
1311877820.595197,1311877820.595197.png
1311877820.625465,1311877820.625465.png
1311877820.657316,1311877820.657316.png
1311877820.699195,1311877820.699195.png
1311877820.725373,1311877820.725373.png
1311877820.757431,1311877820.757431.png
1311877820.795222,1311877820.795222.png
1311877820.825342,1311877820.825342.png
1311877820.857372,1311877820.857372.png
1311877820.893484,1311877820.893484.png
1311877820.925154,1311877820.925154.png
1311877820.957312,1311877820.957312.png
1311877820.993317,1311877820.993317.png
1311877821.025357,1311877821.025357.png
1311877821.057425,1311877821.057425.png
1311877821.093395,1311877821.093395.png
1311877821.125316,1311877821.125316.png
1311877821.157379,1311877821.157379.png
1311877821.193381,1311877821.193381.png
1311877821.225344,1311877821.225344.png
1311877821.257362,1311877821.257362.png
1311877821.293458,1311877821.293458.png
1311877821.325502,1311877821.325502.png
1311877821.357419,1311877821.357419.png
1311877821.393481,1311877821.393481.png
1311877821.425393,1311877821.425393.png
1311877821.457540,1311877821.457540.png
1311877821.493387,1311877821.493387.png
1311877821.525450,1311877821.525450.png
1311877821.557435,1311877821.557435.png
1311877821.593446,1311877821.593446.png
1311877821.625338,1311877821.625338.png
1311877821.657366,1311877821.657366.png
1311877821.693534,1311877821.693534.png
1311877821.725472,1311877821.725472.png
1311877821.757308,1311877821.757308.png
1311877821.793322,1311877821.793322.png
1311877821.825324,1311877821.825324.png
1311877821.857393,1311877821.857393.png
1311877821.893435,1311877821.893435.png
1311877821.925324,1311877821.925324.png
1311877821.957432,1311877821.957432.png
1311877821.993459,1311877821.993459.png
1311877822.025353,1311877822.025353.png
1311877822.057349,1311877822.057349.png
1311877822.093526,1311877822.093526.png
1311877822.125876,1311877822.125876.png
1311877822.157411,1311877822.157411.png
1311877822.193520,1311877822.193520.png
1311877822.225311,1311877822.225311.png
1311877822.257416,1311877822.257416.png
1311877822.293250,1311877822.293250.png
1311877822.325299,1311877822.325299.png
1311877822.357363,1311877822.357363.png
1311877822.393322,1311877822.393322.png
1311877822.425473,1311877822.425473.png
1311877822.457389,1311877822.457389.png
1311877822.493458,1311877822.493458.png
1311877822.525291,1311877822.525291.png
1311877822.557198,1311877822.557198.png
1311877822.593427,1311877822.593427.png
1311877822.625323,1311877822.625323.png
1311877822.657477,1311877822.657477.png
1311877822.693341,1311877822.693341.png
1311877822.725285,1311877822.725285.png
1311877822.757376,1311877822.757376.png
1311877822.793418,1311877822.793418.png
1311877822.825125,1311877822.825125.png
1311877822.857345,1311877822.857345.png
1311877822.893324,1311877822.893324.png
1311877822.925305,1311877822.925305.png
1311877822.957397,1311877822.957397.png
1311877822.993320,1311877822.993320.png
1311877823.025244,1311877823.025244.png
1311877823.057419,1311877823.057419.png
1311877823.093312,1311877823.093312.png
1311877823.125307,1311877823.125307.png
1311877823.157228,1311877823.157228.png
1311877823.193153,1311877823.193153.png
1311877823.225209,1311877823.225209.png
1311877823.257345,1311877823.257345.png
1311877823.293300,1311877823.293300.png
1311877823.325111,1311877823.325111.png
1311877823.357237,1311877823.357237.png
1311877823.393168,1311877823.393168.png
1311877823.425160,1311877823.425160.png
1311877823.457216,1311877823.457216.png
1311877823.493326,1311877823.493326.png
1311877823.525126,1311877823.525126.png
1311877823.557182,1311877823.557182.png
1311877823.593206,1311877823.593206.png
1311877823.625200,1311877823.625200.png
1311877823.657272,1311877823.657272.png
1311877823.693240,1311877823.693240.png
1311877823.725124,1311877823.725124.png
1311877823.757206,1311877823.757206.png
1311877823.793309,1311877823.793309.png
1311877823.825153,1311877823.825153.png
1311877823.857227,1311877823.857227.png
1311877823.893466,1311877823.893466.png
1311877823.925162,1311877823.925162.png
1311877823.957465,1311877823.957465.png
1311877823.993300,1311877823.993300.png
1311877824.025277,1311877824.025277.png
1311877824.057405,1311877824.057405.png
1311877824.093252,1311877824.093252.png
1311877824.125307,1311877824.125307.png
1311877824.157225,1311877824.157225.png
1311877824.193465,1311877824.193465.png
1311877824.225294,1311877824.225294.png
1311877824.257442,1311877824.257442.png
1311877824.293450,1311877824.293450.png
1311877824.325295,1311877824.325295.png
1311877824.357444,1311877824.357444.png
1311877824.393279,1311877824.393279.png
1311877824.425284,1311877824.425284.png
1311877824.457289,1311877824.457289.png
1311877824.493394,1311877824.493394.png
1311877824.525309,1311877824.525309.png
1311877824.557496,1311877824.557496.png
1311877824.593411,1311877824.593411.png
1311877824.625308,1311877824.625308.png
1311877824.657138,1311877824.657138.png
1311877824.693405,1311877824.693405.png
1311877824.725273,1311877824.725273.png
1311877824.757365,1311877824.757365.png
1311877824.793269,1311877824.793269.png
1311877824.825292,1311877824.825292.png
1311877824.857231,1311877824.857231.png
1311877824.893467,1311877824.893467.png
1311877824.925297,1311877824.925297.png
1311877824.957202,1311877824.957202.png
1311877824.993270,1311877824.993270.png
1311877825.025280,1311877825.025280.png
1311877825.057359,1311877825.057359.png
1311877825.093402,1311877825.093402.png
1311877825.125353,1311877825.125353.png
1311877825.157309,1311877825.157309.png
1311877825.193301,1311877825.193301.png
1311877825.225268,1311877825.225268.png
1311877825.257367,1311877825.257367.png
1311877825.293418,1311877825.293418.png
1311877825.325706,1311877825.325706.png
1311877825.357313,1311877825.357313.png
1311877825.393429,1311877825.393429.png
1311877825.425280,1311877825.425280.png
1311877825.457167,1311877825.457167.png
1311877825.493311,1311877825.493311.png
1311877825.525296,1311877825.525296.png
1311877825.557290,1311877825.557290.png
1311877825.593383,1311877825.593383.png
1311877825.625230,1311877825.625230.png
1311877825.657340,1311877825.657340.png
1311877825.693412,1311877825.693412.png
1311877825.725428,1311877825.725428.png
1311877825.757337,1311877825.757337.png
1311877825.793434,1311877825.793434.png
1311877825.825236,1311877825.825236.png
1311877825.857333,1311877825.857333.png
1311877825.893375,1311877825.893375.png
1311877825.925224,1311877825.925224.png
1311877825.957336,1311877825.957336.png
1311877825.993117,1311877825.993117.png
1311877826.025416,1311877826.025416.png
1311877826.057316,1311877826.057316.png
1311877826.093397,1311877826.093397.png
1311877826.125338,1311877826.125338.png
1311877826.157378,1311877826.157378.png
1311877826.193238,1311877826.193238.png
1311877826.225348,1311877826.225348.png
1311877826.257158,1311877826.257158.png
1311877826.293388,1311877826.293388.png
1311877826.325274,1311877826.325274.png
1311877826.357212,1311877826.357212.png
1311877826.393285,1311877826.393285.png
1311877826.425194,1311877826.425194.png
1311877826.457410,1311877826.457410.png
1311877826.493397,1311877826.493397.png
1311877826.525589,1311877826.525589.png
1311877826.557143,1311877826.557143.png
1311877826.593337,1311877826.593337.png
1311877826.625213,1311877826.625213.png
1311877826.657215,1311877826.657215.png
1311877826.693245,1311877826.693245.png
1311877826.725270,1311877826.725270.png
1311877826.757282,1311877826.757282.png
1311877826.793411,1311877826.793411.png
1311877826.825261,1311877826.825261.png
1311877826.857413,1311877826.857413.png
1311877826.893321,1311877826.893321.png
1311877826.925215,1311877826.925215.png
1311877826.957741,1311877826.957741.png
1311877826.993314,1311877826.993314.png
1311877827.025336,1311877827.025336.png
1311877827.057325,1311877827.057325.png
1311877827.093255,1311877827.093255.png
1311877827.125211,1311877827.125211.png
1311877827.157339,1311877827.157339.png
1311877827.193319,1311877827.193319.png
1311877827.225239,1311877827.225239.png
1311877827.257273,1311877827.257273.png
1311877827.293349,1311877827.293349.png
1311877827.325477,1311877827.325477.png
1311877827.357146,1311877827.357146.png
1311877827.393381,1311877827.393381.png
1311877827.425319,1311877827.425319.png
1311877827.457505,1311877827.457505.png
1311877827.493232,1311877827.493232.png
1311877827.525191,1311877827.525191.png
1311877827.557271,1311877827.557271.png
1311877827.593341,1311877827.593341.png
1311877827.625076,1311877827.625076.png
1311877827.657307,1311877827.657307.png
1311877827.693367,1311877827.693367.png
1311877827.725734,1311877827.725734.png
1311877827.757475,1311877827.757475.png
1311877827.793355,1311877827.793355.png
1311877827.825229,1311877827.825229.png
1311877827.857249,1311877827.857249.png
1311877827.893183,1311877827.893183.png
1311877827.925354,1311877827.925354.png
1311877827.957402,1311877827.957402.png
1311877827.993240,1311877827.993240.png
1311877828.025235,1311877828.025235.png
1311877828.057216,1311877828.057216.png
1311877828.093209,1311877828.093209.png
1311877828.125242,1311877828.125242.png
1311877828.157146,1311877828.157146.png
1311877828.193217,1311877828.193217.png
1311877828.225174,1311877828.225174.png
1311877828.257222,1311877828.257222.png
1311877828.293383,1311877828.293383.png
1311877828.325220,1311877828.325220.png
1311877828.357315,1311877828.357315.png
1311877828.393318,1311877828.393318.png
1311877828.425064,1311877828.425064.png
1311877828.457257,1311877828.457257.png
1311877828.493214,1311877828.493214.png
1311877828.525218,1311877828.525218.png
1311877828.557383,1311877828.557383.png
1311877828.593384,1311877828.593384.png
1311877828.625175,1311877828.625175.png
1311877828.657225,1311877828.657225.png
1311877828.693209,1311877828.693209.png
1311877828.725234,1311877828.725234.png
1311877828.761329,1311877828.761329.png
1311877828.793306,1311877828.793306.png
1311877828.825256,1311877828.825256.png
1311877828.861367,1311877828.861367.png
1311877828.893329,1311877828.893329.png
1311877828.925305,1311877828.925305.png
1311877828.961292,1311877828.961292.png
1311877828.993220,1311877828.993220.png
1311877829.025199,1311877829.025199.png
1311877829.061441,1311877829.061441.png
1311877829.093119,1311877829.093119.png
1311877829.125186,1311877829.125186.png
1311877829.161366,1311877829.161366.png
1311877829.193282,1311877829.193282.png
1311877829.225134,1311877829.225134.png
1311877829.261290,1311877829.261290.png
1311877829.293315,1311877829.293315.png
1311877829.325197,1311877829.325197.png
1311877829.361218,1311877829.361218.png
1311877829.393354,1311877829.393354.png
1311877829.425171,1311877829.425171.png
1311877829.461309,1311877829.461309.png
1311877829.493273,1311877829.493273.png
1311877829.525188,1311877829.525188.png
1311877829.561269,1311877829.561269.png
1311877829.593065,1311877829.593065.png
1311877829.625057,1311877829.625057.png
1311877829.661201,1311877829.661201.png
1311877829.693078,1311877829.693078.png
1311877829.725126,1311877829.725126.png
1311877829.761157,1311877829.761157.png
1311877829.794393,1311877829.794393.png
1311877829.826437,1311877829.826437.png
1311877829.861310,1311877829.861310.png
1311877829.893246,1311877829.893246.png
1311877829.925522,1311877829.925522.png
1311877829.961265,1311877829.961265.png
1311877829.993468,1311877829.993468.png
1311877830.025410,1311877830.025410.png
1311877830.061445,1311877830.061445.png
1311877830.094588,1311877830.094588.png
1311877830.125297,1311877830.125297.png
1311877830.161199,1311877830.161199.png
1311877830.193480,1311877830.193480.png
1311877830.225507,1311877830.225507.png
1311877830.261091,1311877830.261091.png
1311877830.293189,1311877830.293189.png
1311877830.325468,1311877830.325468.png
1311877830.361184,1311877830.361184.png
1311877830.393647,1311877830.393647.png
1311877830.426350,1311877830.426350.png
1311877830.462141,1311877830.462141.png
1311877830.493476,1311877830.493476.png
1311877830.525245,1311877830.525245.png
1311877830.561095,1311877830.561095.png
1311877830.593363,1311877830.593363.png
1311877830.625365,1311877830.625365.png
1311877830.661353,1311877830.661353.png
1311877830.693559,1311877830.693559.png
1311877830.725173,1311877830.725173.png
1311877830.761412,1311877830.761412.png
1311877830.793358,1311877830.793358.png
1311877830.825328,1311877830.825328.png
1311877830.861273,1311877830.861273.png
1311877830.893327,1311877830.893327.png
1311877830.925325,1311877830.925325.png
1311877830.961302,1311877830.961302.png
1311877830.993270,1311877830.993270.png
1311877831.026752,1311877831.026752.png
1311877831.061222,1311877831.061222.png
1311877831.093525,1311877831.093525.png
1311877831.125864,1311877831.125864.png
1311877831.161429,1311877831.161429.png
1311877831.193323,1311877831.193323.png
1311877831.225218,1311877831.225218.png
1311877831.261200,1311877831.261200.png
1311877831.293200,1311877831.293200.png
1311877831.325501,1311877831.325501.png
1311877831.361316,1311877831.361316.png
1311877831.392999,1311877831.392999.png
1311877831.425121,1311877831.425121.png
1311877831.461413,1311877831.461413.png
1311877831.493114,1311877831.493114.png
1311877831.525136,1311877831.525136.png
1311877831.561080,1311877831.561080.png
1311877831.593128,1311877831.593128.png
1311877831.625129,1311877831.625129.png
1311877831.661168,1311877831.661168.png
1311877831.693480,1311877831.693480.png
1311877831.725135,1311877831.725135.png
1311877831.761288,1311877831.761288.png
1311877831.793379,1311877831.793379.png
1311877831.825165,1311877831.825165.png
1311877831.861325,1311877831.861325.png
1311877831.893202,1311877831.893202.png
1311877831.925172,1311877831.925172.png
1311877831.961158,1311877831.961158.png
1311877831.993268,1311877831.993268.png
1311877832.025365,1311877832.025365.png
1311877832.061313,1311877832.061313.png
1311877832.093181,1311877832.093181.png
1311877832.125343,1311877832.125343.png
1311877832.161171,1311877832.161171.png
1311877832.192985,1311877832.192985.png
1311877832.225137,1311877832.225137.png
1311877832.261251,1311877832.261251.png
1311877832.293353,1311877832.293353.png
1311877832.325579,1311877832.325579.png
1311877832.361511,1311877832.361511.png
1311877832.393207,1311877832.393207.png
1311877832.425269,1311877832.425269.png
1311877832.461181,1311877832.461181.png
1311877832.493003,1311877832.493003.png
1311877832.525323,1311877832.525323.png
1311877832.561340,1311877832.561340.png
1311877832.593306,1311877832.593306.png
1311877832.625292,1311877832.625292.png
1311877832.661145,1311877832.661145.png
1311877832.693168,1311877832.693168.png
1311877832.725167,1311877832.725167.png
1311877832.761107,1311877832.761107.png
1311877832.793424,1311877832.793424.png
1311877832.825342,1311877832.825342.png
1311877832.861248,1311877832.861248.png
1311877832.893231,1311877832.893231.png
1311877832.925224,1311877832.925224.png
1311877832.961368,1311877832.961368.png
1311877832.993338,1311877832.993338.png
1311877833.025144,1311877833.025144.png
1311877833.061309,1311877833.061309.png
1311877833.093138,1311877833.093138.png
1311877833.125323,1311877833.125323.png
1311877833.161324,1311877833.161324.png
1311877833.193121,1311877833.193121.png
1311877833.225184,1311877833.225184.png
1311877833.261265,1311877833.261265.png
1311877833.293220,1311877833.293220.png
1311877833.325694,1311877833.325694.png
1311877833.361237,1311877833.361237.png
1311877833.393267,1311877833.393267.png
1311877833.425242,1311877833.425242.png
1311877833.461570,1311877833.461570.png
1311877833.493670,1311877833.493670.png
1311877833.525357,1311877833.525357.png
1311877833.561277,1311877833.561277.png
1311877833.593519,1311877833.593519.png
1311877833.625095,1311877833.625095.png
1311877833.661194,1311877833.661194.png
1311877833.693177,1311877833.693177.png
1311877833.725083,1311877833.725083.png
1311877833.761262,1311877833.761262.png
1311877833.793196,1311877833.793196.png
1311877833.824972,1311877833.824972.png
1311877833.861264,1311877833.861264.png
1311877833.893167,1311877833.893167.png
1311877833.925228,1311877833.925228.png
1311877833.961089,1311877833.961089.png
1311877833.993148,1311877833.993148.png
1311877834.025155,1311877834.025155.png
1311877834.061432,1311877834.061432.png
1311877834.093028,1311877834.093028.png
1311877834.125110,1311877834.125110.png
1311877834.161308,1311877834.161308.png
1311877834.193137,1311877834.193137.png
1311877834.225168,1311877834.225168.png
1311877834.261284,1311877834.261284.png
1311877834.293394,1311877834.293394.png
1311877834.325080,1311877834.325080.png
1311877834.361140,1311877834.361140.png
1311877834.393091,1311877834.393091.png
1311877834.425110,1311877834.425110.png
1311877834.461239,1311877834.461239.png
1311877834.493104,1311877834.493104.png
1311877834.525277,1311877834.525277.png
1311877834.561085,1311877834.561085.png
1311877834.593108,1311877834.593108.png
1311877834.624944,1311877834.624944.png
1311877834.661276,1311877834.661276.png
1311877834.693165,1311877834.693165.png
1311877834.725121,1311877834.725121.png
1311877834.761074,1311877834.761074.png
1311877834.793127,1311877834.793127.png
1311877834.825085,1311877834.825085.png
1311877834.861311,1311877834.861311.png
1311877834.893435,1311877834.893435.png
1311877834.925220,1311877834.925220.png
1311877834.961118,1311877834.961118.png
1311877834.993332,1311877834.993332.png
1311877835.026120,1311877835.026120.png
1311877835.061295,1311877835.061295.png
1311877835.093024,1311877835.093024.png
1311877835.125061,1311877835.125061.png
1311877835.160938,1311877835.160938.png
1311877835.193079,1311877835.193079.png
1311877835.225049,1311877835.225049.png
1311877835.261108,1311877835.261108.png
1311877835.293146,1311877835.293146.png
1311877835.325089,1311877835.325089.png
1311877835.361061,1311877835.361061.png
1311877835.393082,1311877835.393082.png
1311877835.425046,1311877835.425046.png
1311877835.461083,1311877835.461083.png
1311877835.493073,1311877835.493073.png
1311877835.525104,1311877835.525104.png
1311877835.561059,1311877835.561059.png
1311877835.593245,1311877835.593245.png
1311877835.625306,1311877835.625306.png
1311877835.661289,1311877835.661289.png
1311877835.693138,1311877835.693138.png
1311877835.727364,1311877835.727364.png
1311877835.761596,1311877835.761596.png
1311877835.793187,1311877835.793187.png
1311877835.826887,1311877835.826887.png
1311877835.861096,1311877835.861096.png
1311877835.893057,1311877835.893057.png
1311877835.925064,1311877835.925064.png
1311877835.961014,1311877835.961014.png
1311877835.993234,1311877835.993234.png
1311877836.025180,1311877836.025180.png
1311877836.061081,1311877836.061081.png
1311877836.093054,1311877836.093054.png
1311877836.125041,1311877836.125041.png
1311877836.160923,1311877836.160923.png
1311877836.192921,1311877836.192921.png
1311877836.224976,1311877836.224976.png
1311877836.260986,1311877836.260986.png
1311877836.292981,1311877836.292981.png
1311877836.325155,1311877836.325155.png
1311877836.361021,1311877836.361021.png
1311877836.393072,1311877836.393072.png
1311877836.425020,1311877836.425020.png
1311877836.461212,1311877836.461212.png
1311877836.492909,1311877836.492909.png
1311877836.524961,1311877836.524961.png
1311877836.561062,1311877836.561062.png
1311877836.592961,1311877836.592961.png
1311877836.624905,1311877836.624905.png
1311877836.660875,1311877836.660875.png
1311877836.693045,1311877836.693045.png
1311877836.724938,1311877836.724938.png
1311877836.761058,1311877836.761058.png
1311877836.792932,1311877836.792932.png
1311877836.824953,1311877836.824953.png
1311877836.861027,1311877836.861027.png
1311877836.892909,1311877836.892909.png
1311877836.924965,1311877836.924965.png
1311877836.960881,1311877836.960881.png
1311877840.255510,1311877840.255510.png
1311877840.354114,1311877840.354114.png
1311877840.418914,1311877840.418914.png
1311877840.486295,1311877840.486295.png
1311877840.551379,1311877840.551379.png
1311877840.621165,1311877840.621165.png
1311877840.683616,1311877840.683616.png
1311877840.752724,1311877840.752724.png
1311877840.820255,1311877840.820255.png
1311877840.886157,1311877840.886157.png
1311877840.950844,1311877840.950844.png
1311877841.020270,1311877841.020270.png
1311877841.083310,1311877841.083310.png
1311877841.153316,1311877841.153316.png
1311877841.220478,1311877841.220478.png
1311877841.284752,1311877841.284752.png
1311877841.352337,1311877841.352337.png
1311877841.418955,1311877841.418955.png
1311877841.483216,1311877841.483216.png
1311877841.519245,1311877841.519245.png
1311877841.585601,1311877841.585601.png
1311877841.619917,1311877841.619917.png
1311877841.688599,1311877841.688599.png
1311877841.750670,1311877841.750670.png
1311877841.786949,1311877841.786949.png
1311877841.852134,1311877841.852134.png
1311877841.918959,1311877841.918959.png
1311877841.986356,1311877841.986356.png
1311877842.051960,1311877842.051960.png
1311877842.120995,1311877842.120995.png
1311877842.188915,1311877842.188915.png
1311877842.251461,1311877842.251461.png
1311877842.319495,1311877842.319495.png
1311877842.350745,1311877842.350745.png
1311877842.386970,1311877842.386970.png
1311877842.419465,1311877842.419465.png
1311877842.488657,1311877842.488657.png
1311877842.518991,1311877842.518991.png
1311877842.588639,1311877842.588639.png
1311877842.653170,1311877842.653170.png
1311877842.686820,1311877842.686820.png
1311877842.754088,1311877842.754088.png
1311877842.822381,1311877842.822381.png
1311877842.889671,1311877842.889671.png
1311877842.918952,1311877842.918952.png
1311877842.989614,1311877842.989614.png
1311877843.019347,1311877843.019347.png
1311877843.055820,1311877843.055820.png
1311877843.120222,1311877843.120222.png
1311877843.188145,1311877843.188145.png
1311877843.219088,1311877843.219088.png
1311877843.287434,1311877843.287434.png
1311877843.356092,1311877843.356092.png
1311877843.422127,1311877843.422127.png
1311877843.487872,1311877843.487872.png
1311877843.555828,1311877843.555828.png
1311877843.620871,1311877843.620871.png
1311877843.688059,1311877843.688059.png
1311877843.758315,1311877843.758315.png
1311877843.821451,1311877843.821451.png
1311877843.888465,1311877843.888465.png
1311877843.957197,1311877843.957197.png
1311877844.019946,1311877844.019946.png
1311877844.054608,1311877844.054608.png
1311877844.125158,1311877844.125158.png
1311877844.189684,1311877844.189684.png
1311877844.257198,1311877844.257198.png
1311877844.287132,1311877844.287132.png
1311877844.355196,1311877844.355196.png
1311877844.425654,1311877844.425654.png
1311877844.488250,1311877844.488250.png
1311877844.555645,1311877844.555645.png
1311877844.587137,1311877844.587137.png
1311877844.626339,1311877844.626339.png
1311877844.655229,1311877844.655229.png
1311877844.724432,1311877844.724432.png
1311877844.792659,1311877844.792659.png
1311877844.856614,1311877844.856614.png
1311877844.887641,1311877844.887641.png
1311877844.923122,1311877844.923122.png
1311877844.955455,1311877844.955455.png
1311877845.026382,1311877845.026382.png
1311877845.055990,1311877845.055990.png
1311877845.126265,1311877845.126265.png
1311877845.187115,1311877845.187115.png
1311877845.225183,1311877845.225183.png
1311877845.290006,1311877845.290006.png
1311877845.358235,1311877845.358235.png
1311877845.426111,1311877845.426111.png
1311877845.493009,1311877845.493009.png
1311877845.594157,1311877845.594157.png
1311877845.658362,1311877845.658362.png
1311877845.725585,1311877845.725585.png
1311877845.793754,1311877845.793754.png
1311877845.857810,1311877845.857810.png
1311877845.926076,1311877845.926076.png
1311877845.992039,1311877845.992039.png
1311877846.055677,1311877846.055677.png
1311877846.124363,1311877846.124363.png
1311877846.192322,1311877846.192322.png
1311877846.258251,1311877846.258251.png
1311877846.327298,1311877846.327298.png
1311877846.426882,1311877846.426882.png
1311877846.526200,1311877846.526200.png
1311877846.593956,1311877846.593956.png
1311877846.661119,1311877846.661119.png
1311877846.691059,1311877846.691059.png
1311877846.758992,1311877846.758992.png
1311877846.792015,1311877846.792015.png
1311877846.894196,1311877846.894196.png
1311877846.923865,1311877846.923865.png
1311877846.993331,1311877846.993331.png
1311877847.062327,1311877847.062327.png
1311877847.126351,1311877847.126351.png
1311877847.193859,1311877847.193859.png
1311877847.261908,1311877847.261908.png
1311877847.322893,1311877847.322893.png
1311877847.359075,1311877847.359075.png
1311877847.462081,1311877847.462081.png
1311877847.559485,1311877847.559485.png
1311877847.660029,1311877847.660029.png
1311877847.761920,1311877847.761920.png
1311877847.859208,1311877847.859208.png
1311877847.929766,1311877847.929766.png
1311877847.959375,1311877847.959375.png
1311877847.992995,1311877847.992995.png
1311877848.028879,1311877848.028879.png
1311877848.092606,1311877848.092606.png
1311877848.162283,1311877848.162283.png
1311877848.230296,1311877848.230296.png
1311877848.329976,1311877848.329976.png
1311877848.394116,1311877848.394116.png
1311877848.427421,1311877848.427421.png
1311877848.460370,1311877848.460370.png
1311877848.490862,1311877848.490862.png
1311877848.560626,1311877848.560626.png
1311877848.634001,1311877848.634001.png
1311877848.663080,1311877848.663080.png
1311877848.729775,1311877848.729775.png
1311877848.828382,1311877848.828382.png
1311877848.894186,1311877848.894186.png
1311877848.959956,1311877848.959956.png
1311877849.028548,1311877849.028548.png
1311877849.129244,1311877849.129244.png
1311877849.196743,1311877849.196743.png
1311877849.227135,1311877849.227135.png
1311877849.296667,1311877849.296667.png
1311877849.394803,1311877849.394803.png
1311877849.430269,1311877849.430269.png
1311877849.459848,1311877849.459848.png
1311877849.529534,1311877849.529534.png
1311877849.630177,1311877849.630177.png
1311877849.659300,1311877849.659300.png
1311877849.696070,1311877849.696070.png
1311877849.762435,1311877849.762435.png
1311877849.829102,1311877849.829102.png
1311877849.927364,1311877849.927364.png
1311877849.994905,1311877849.994905.png
1311877850.059594,1311877850.059594.png
1311877850.129586,1311877850.129586.png
1311877850.229837,1311877850.229837.png
1311877850.262872,1311877850.262872.png
1311877850.326689,1311877850.326689.png
1311877850.397961,1311877850.397961.png
1311877850.495223,1311877850.495223.png
1311877850.566094,1311877850.566094.png
1311877850.666150,1311877850.666150.png
1311877850.729205,1311877850.729205.png
1311877850.829459,1311877850.829459.png
1311877850.929584,1311877850.929584.png
1311877851.029482,1311877851.029482.png
1311877851.098496,1311877851.098496.png
1311877851.165854,1311877851.165854.png
1311877851.266481,1311877851.266481.png
1311877851.364835,1311877851.364835.png
1311877851.429044,1311877851.429044.png
1311877851.497032,1311877851.497032.png
1311877851.565334,1311877851.565334.png
1311877851.662750,1311877851.662750.png
1311877851.695638,1311877851.695638.png
1311877851.764596,1311877851.764596.png
1311877851.834314,1311877851.834314.png
1311877851.934302,1311877851.934302.png
1311877851.996018,1311877851.996018.png
1311877852.065521,1311877852.065521.png
1311877852.166582,1311877852.166582.png
1311877852.233574,1311877852.233574.png
1311877852.333276,1311877852.333276.png
1311877852.399618,1311877852.399618.png
1311877852.430939,1311877852.430939.png
1311877852.463877,1311877852.463877.png
1311877852.499237,1311877852.499237.png
1311877852.539182,1311877852.539182.png
1311877852.568020,1311877852.568020.png
1311877852.631535,1311877852.631535.png
1311877852.666932,1311877852.666932.png
1311877852.700107,1311877852.700107.png
1311877852.763578,1311877852.763578.png
1311877852.803465,1311877852.803465.png
1311877852.830864,1311877852.830864.png
1311877852.867935,1311877852.867935.png
1311877852.898840,1311877852.898840.png
1311877852.930812,1311877852.930812.png
1311877852.967850,1311877852.967850.png
1311877852.995720,1311877852.995720.png
1311877853.032667,1311877853.032667.png
1311877853.067667,1311877853.067667.png
1311877853.132819,1311877853.132819.png
1311877853.199941,1311877853.199941.png
1311877853.265936,1311877853.265936.png
1311877853.299050,1311877853.299050.png
1311877853.364576,1311877853.364576.png
1311877853.432893,1311877853.432893.png
1311877853.501476,1311877853.501476.png
1311877853.563290,1311877853.563290.png
1311877853.599301,1311877853.599301.png
1311877853.631538,1311877853.631538.png
1311877853.702086,1311877853.702086.png
1311877853.732179,1311877853.732179.png
1311877853.762975,1311877853.762975.png
1311877853.833212,1311877853.833212.png
1311877853.933572,1311877853.933572.png
1311877854.033301,1311877854.033301.png
1311877854.101697,1311877854.101697.png
1311877854.201030,1311877854.201030.png
1311877854.269207,1311877854.269207.png
1311877854.333074,1311877854.333074.png
1311877854.400961,1311877854.400961.png
1311877854.469038,1311877854.469038.png
1311877854.532951,1311877854.532951.png
1311877854.600933,1311877854.600933.png
1311877854.669381,1311877854.669381.png
1311877854.732807,1311877854.732807.png
1311877854.801302,1311877854.801302.png
1311877854.868837,1311877854.868837.png
1311877854.933003,1311877854.933003.png
1311877854.967764,1311877854.967764.png
1311877855.032650,1311877855.032650.png
1311877855.100868,1311877855.100868.png
1311877855.168289,1311877855.168289.png
1311877855.236102,1311877855.236102.png
1311877855.298995,1311877855.298995.png
1311877855.368680,1311877855.368680.png
1311877855.436831,1311877855.436831.png
1311877855.500654,1311877855.500654.png
1311877855.567985,1311877855.567985.png
1311877855.636164,1311877855.636164.png
1311877855.700759,1311877855.700759.png
1311877855.768529,1311877855.768529.png
1311877855.836495,1311877855.836495.png
1311877855.900677,1311877855.900677.png
1311877855.968232,1311877855.968232.png
1311877856.068321,1311877856.068321.png
1311877856.136239,1311877856.136239.png
1311877856.200542,1311877856.200542.png
1311877856.268663,1311877856.268663.png
1311877856.336205,1311877856.336205.png
1311877856.400302,1311877856.400302.png
1311877856.467975,1311877856.467975.png
1311877856.568835,1311877856.568835.png
1311877856.636425,1311877856.636425.png
1311877856.704951,1311877856.704951.png
1311877856.768475,1311877856.768475.png
1311877856.836185,1311877856.836185.png
1311877856.904591,1311877856.904591.png
1311877856.968570,1311877856.968570.png
1311877857.036624,1311877857.036624.png
1311877857.104818,1311877857.104818.png
1311877857.169425,1311877857.169425.png
1311877857.237008,1311877857.237008.png
1311877857.304630,1311877857.304630.png
1311877857.369449,1311877857.369449.png
1311877857.404953,1311877857.404953.png
1311877857.468963,1311877857.468963.png
1311877857.537101,1311877857.537101.png
1311877857.605196,1311877857.605196.png
1311877857.673416,1311877857.673416.png
1311877857.736903,1311877857.736903.png
1311877857.770944,1311877857.770944.png
1311877857.837290,1311877857.837290.png
1311877857.904982,1311877857.904982.png
1311877857.972973,1311877857.972973.png
1311877858.037333,1311877858.037333.png
1311877858.105553,1311877858.105553.png
1311877858.173225,1311877858.173225.png
1311877858.238329,1311877858.238329.png
1311877858.272135,1311877858.272135.png
1311877858.338047,1311877858.338047.png
1311877858.373158,1311877858.373158.png
1311877858.437581,1311877858.437581.png
1311877858.470682,1311877858.470682.png
1311877858.537451,1311877858.537451.png
1311877858.606122,1311877858.606122.png
1311877858.673914,1311877858.673914.png
1311877858.737659,1311877858.737659.png
1311877858.805860,1311877858.805860.png
1311877858.873809,1311877858.873809.png
1311877858.941710,1311877858.941710.png
1311877859.005742,1311877859.005742.png
1311877859.073981,1311877859.073981.png
1311877859.141279,1311877859.141279.png
1311877859.205971,1311877859.205971.png
1311877859.239051,1311877859.239051.png
1311877859.273141,1311877859.273141.png
1311877859.304537,1311877859.304537.png
1311877859.340328,1311877859.340328.png
1311877859.406050,1311877859.406050.png
1311877859.474218,1311877859.474218.png
1311877859.503334,1311877859.503334.png
1311877859.540785,1311877859.540785.png
1311877859.570589,1311877859.570589.png
1311877859.641864,1311877859.641864.png
1311877859.705498,1311877859.705498.png
1311877859.773610,1311877859.773610.png
1311877859.841587,1311877859.841587.png
1311877859.905547,1311877859.905547.png
1311877859.939443,1311877859.939443.png
1311877859.972335,1311877859.972335.png
1311877860.041780,1311877860.041780.png
1311877860.105634,1311877860.105634.png
1311877860.173600,1311877860.173600.png
1311877860.208586,1311877860.208586.png
1311877860.272989,1311877860.272989.png
1311877860.308775,1311877860.308775.png
1311877860.338447,1311877860.338447.png
1311877860.372612,1311877860.372612.png
1311877860.441323,1311877860.441323.png
1311877860.472448,1311877860.472448.png
1311877860.543624,1311877860.543624.png
1311877860.641253,1311877860.641253.png
1311877860.670967,1311877860.670967.png
1311877860.740696,1311877860.740696.png
1311877860.808921,1311877860.808921.png
1311877860.872774,1311877860.872774.png
1311877860.940714,1311877860.940714.png
1311877861.008129,1311877861.008129.png
1311877861.038230,1311877861.038230.png
1311877861.108458,1311877861.108458.png
1311877861.172200,1311877861.172200.png
1311877861.240470,1311877861.240470.png
1311877861.308322,1311877861.308322.png
1311877861.376375,1311877861.376375.png
1311877861.406020,1311877861.406020.png
1311877861.476047,1311877861.476047.png
1311877861.540264,1311877861.540264.png
1311877861.607774,1311877861.607774.png
1311877861.676340,1311877861.676340.png
1311877861.739820,1311877861.739820.png
1311877861.808207,1311877861.808207.png
1311877861.876291,1311877861.876291.png
1311877861.940310,1311877861.940310.png
1311877861.976342,1311877861.976342.png
1311877862.040122,1311877862.040122.png
1311877862.108262,1311877862.108262.png
1311877862.176561,1311877862.176561.png
1311877862.238800,1311877862.238800.png
1311877862.275977,1311877862.275977.png
1311877862.339928,1311877862.339928.png
1311877862.375872,1311877862.375872.png
1311877862.440351,1311877862.440351.png
1311877862.475601,1311877862.475601.png
1311877862.505976,1311877862.505976.png
1311877862.574150,1311877862.574150.png
1311877862.642740,1311877862.642740.png
1311877862.674111,1311877862.674111.png
1311877862.744173,1311877862.744173.png
1311877862.807891,1311877862.807891.png
1311877862.875998,1311877862.875998.png
1311877862.944456,1311877862.944456.png
1311877862.975434,1311877862.975434.png
1311877863.044266,1311877863.044266.png
1311877863.106134,1311877863.106134.png
1311877863.174861,1311877863.174861.png
1311877863.244874,1311877863.244874.png
1311877863.306566,1311877863.306566.png
1311877863.378155,1311877863.378155.png
1311877863.406567,1311877863.406567.png
1311877863.475985,1311877863.475985.png
1311877863.543555,1311877863.543555.png
1311877863.608074,1311877863.608074.png
1311877863.643337,1311877863.643337.png
1311877863.707636,1311877863.707636.png
1311877863.776645,1311877863.776645.png
1311877863.845006,1311877863.845006.png
1311877863.917113,1311877863.917113.png
1311877863.977390,1311877863.977390.png
1311877864.044422,1311877864.044422.png
1311877864.074835,1311877864.074835.png
1311877864.146169,1311877864.146169.png
1311877864.213508,1311877864.213508.png
1311877864.276455,1311877864.276455.png
1311877864.343565,1311877864.343565.png
1311877864.376973,1311877864.376973.png
1311877864.411227,1311877864.411227.png
1311877864.444780,1311877864.444780.png
1311877864.514038,1311877864.514038.png
1311877864.578746,1311877864.578746.png
1311877864.644305,1311877864.644305.png
1311877864.712670,1311877864.712670.png
1311877864.778514,1311877864.778514.png
1311877864.811163,1311877864.811163.png
1311877864.844429,1311877864.844429.png
1311877864.875425,1311877864.875425.png
1311877864.946522,1311877864.946522.png
1311877865.012424,1311877865.012424.png
1311877865.082831,1311877865.082831.png
1311877865.146740,1311877865.146740.png
1311877865.214523,1311877865.214523.png
1311877865.282431,1311877865.282431.png
1311877865.311472,1311877865.311472.png
1311877865.382909,1311877865.382909.png
1311877865.446805,1311877865.446805.png
1311877865.479109,1311877865.479109.png
1311877865.546452,1311877865.546452.png
1311877865.579880,1311877865.579880.png
1311877865.643072,1311877865.643072.png
1311877865.714644,1311877865.714644.png
1311877865.782262,1311877865.782262.png
1311877865.811475,1311877865.811475.png
1311877865.845642,1311877865.845642.png
1311877865.914747,1311877865.914747.png
1311877865.982470,1311877865.982470.png
1311877866.011446,1311877866.011446.png
1311877866.043124,1311877866.043124.png
1311877866.081079,1311877866.081079.png
1311877866.146222,1311877866.146222.png
1311877866.213818,1311877866.213818.png
1311877866.244802,1311877866.244802.png
1311877866.278747,1311877866.278747.png
1311877866.311173,1311877866.311173.png
1311877866.381871,1311877866.381871.png
1311877866.450704,1311877866.450704.png
1311877866.479094,1311877866.479094.png
1311877866.549984,1311877866.549984.png
1311877866.614716,1311877866.614716.png
1311877866.646807,1311877866.646807.png
1311877866.714218,1311877866.714218.png
1311877866.747230,1311877866.747230.png
1311877866.813535,1311877866.813535.png
1311877866.882851,1311877866.882851.png
1311877866.950611,1311877866.950611.png
1311877867.014678,1311877867.014678.png
1311877867.082368,1311877867.082368.png
1311877867.150412,1311877867.150412.png
1311877867.214651,1311877867.214651.png
1311877867.282540,1311877867.282540.png
1311877867.311339,1311877867.311339.png
1311877867.382686,1311877867.382686.png
1311877867.450178,1311877867.450178.png
1311877867.480788,1311877867.480788.png
1311877867.550637,1311877867.550637.png
1311877867.618678,1311877867.618678.png
1311877867.680459,1311877867.680459.png
1311877867.750007,1311877867.750007.png
1311877867.817044,1311877867.817044.png
1311877867.847967,1311877867.847967.png
1311877867.918554,1311877867.918554.png
1311877867.982753,1311877867.982753.png
1311877868.050627,1311877868.050627.png
1311877868.118281,1311877868.118281.png
1311877868.182506,1311877868.182506.png
1311877868.250322,1311877868.250322.png
1311877868.319158,1311877868.319158.png
1311877868.382807,1311877868.382807.png
1311877868.416924,1311877868.416924.png
1311877868.446902,1311877868.446902.png
1311877868.479936,1311877868.479936.png
1311877868.514848,1311877868.514848.png
1311877868.582997,1311877868.582997.png
1311877868.651171,1311877868.651171.png
1311877868.678978,1311877868.678978.png
1311877868.750036,1311877868.750036.png
1311877868.786553,1311877868.786553.png
1311877868.850705,1311877868.850705.png
1311877868.883385,1311877868.883385.png
1311877868.916886,1311877868.916886.png
1311877868.947387,1311877868.947387.png
1311877869.049939,1311877869.049939.png
1311877869.118435,1311877869.118435.png
1311877869.186209,1311877869.186209.png
1311877869.215364,1311877869.215364.png
1311877869.249865,1311877869.249865.png
1311877869.284958,1311877869.284958.png
1311877869.350698,1311877869.350698.png
1311877869.418546,1311877869.418546.png
1311877869.486454,1311877869.486454.png
1311877869.550443,1311877869.550443.png
1311877869.618716,1311877869.618716.png
1311877869.650800,1311877869.650800.png
1311877869.685458,1311877869.685458.png
1311877869.750646,1311877869.750646.png
1311877869.786004,1311877869.786004.png
1311877869.815034,1311877869.815034.png
1311877869.886087,1311877869.886087.png
1311877869.950561,1311877869.950561.png
1311877869.983379,1311877869.983379.png
1311877870.055968,1311877870.055968.png
1311877870.085022,1311877870.085022.png
1311877870.154457,1311877870.154457.png
1311877870.218786,1311877870.218786.png
1311877870.286634,1311877870.286634.png
1311877870.315948,1311877870.315948.png
1311877870.355021,1311877870.355021.png
1311877870.418422,1311877870.418422.png
1311877870.486382,1311877870.486382.png
1311877870.554546,1311877870.554546.png
1311877870.618111,1311877870.618111.png
1311877870.651006,1311877870.651006.png
1311877870.683106,1311877870.683106.png
1311877870.755306,1311877870.755306.png
1311877870.818568,1311877870.818568.png
1311877870.885789,1311877870.885789.png
1311877870.915737,1311877870.915737.png
1311877870.984992,1311877870.984992.png
1311877871.051382,1311877871.051382.png
1311877871.085160,1311877871.085160.png
1311877871.155172,1311877871.155172.png
1311877871.183580,1311877871.183580.png
1311877871.216195,1311877871.216195.png
1311877871.251424,1311877871.251424.png
1311877871.321895,1311877871.321895.png
1311877871.386188,1311877871.386188.png
1311877871.454278,1311877871.454278.png
1311877871.521610,1311877871.521610.png
1311877871.553170,1311877871.553170.png
1311877871.653778,1311877871.653778.png
1311877871.682726,1311877871.682726.png
1311877871.720983,1311877871.720983.png
1311877871.785593,1311877871.785593.png
1311877871.853282,1311877871.853282.png
1311877871.920860,1311877871.920860.png
1311877871.984706,1311877871.984706.png
1311877872.053070,1311877872.053070.png
1311877872.119833,1311877872.119833.png
1311877872.150554,1311877872.150554.png
1311877872.184554,1311877872.184554.png
1311877872.219096,1311877872.219096.png
1311877872.284627,1311877872.284627.png
1311877872.318501,1311877872.318501.png
1311877872.385098,1311877872.385098.png
1311877872.418496,1311877872.418496.png
1311877872.486965,1311877872.486965.png
1311877872.553004,1311877872.553004.png
1311877872.618727,1311877872.618727.png
1311877872.688575,1311877872.688575.png
1311877872.752889,1311877872.752889.png
1311877872.820189,1311877872.820189.png
1311877872.888110,1311877872.888110.png
1311877872.918723,1311877872.918723.png
1311877872.988925,1311877872.988925.png
1311877873.051572,1311877873.051572.png
1311877873.086656,1311877873.086656.png
1311877873.151775,1311877873.151775.png
1311877873.220222,1311877873.220222.png
1311877873.288277,1311877873.288277.png
1311877873.318359,1311877873.318359.png
1311877873.387501,1311877873.387501.png
1311877873.451854,1311877873.451854.png
1311877873.485945,1311877873.485945.png
1311877873.551769,1311877873.551769.png
1311877873.618379,1311877873.618379.png
1311877873.687018,1311877873.687018.png
1311877873.754566,1311877873.754566.png
1311877873.786424,1311877873.786424.png
1311877873.856004,1311877873.856004.png
1311877873.918413,1311877873.918413.png
1311877873.985833,1311877873.985833.png
1311877874.056232,1311877874.056232.png
1311877874.118473,1311877874.118473.png
1311877874.156360,1311877874.156360.png
1311877874.223251,1311877874.223251.png
1311877874.287748,1311877874.287748.png
1311877874.358199,1311877874.358199.png
1311877874.427113,1311877874.427113.png
1311877874.486269,1311877874.486269.png
1311877874.555397,1311877874.555397.png
1311877874.587671,1311877874.587671.png
1311877874.653929,1311877874.653929.png
1311877874.719615,1311877874.719615.png
1311877874.786229,1311877874.786229.png
1311877874.856122,1311877874.856122.png
1311877874.919021,1311877874.919021.png
1311877874.955763,1311877874.955763.png
1311877875.024452,1311877875.024452.png
1311877875.088475,1311877875.088475.png
1311877875.156877,1311877875.156877.png
1311877875.223485,1311877875.223485.png
1311877875.254223,1311877875.254223.png
1311877875.322253,1311877875.322253.png
1311877875.387477,1311877875.387477.png
1311877875.456673,1311877875.456673.png
1311877875.524244,1311877875.524244.png
1311877875.586849,1311877875.586849.png
1311877875.656024,1311877875.656024.png
1311877875.723017,1311877875.723017.png
1311877875.754682,1311877875.754682.png
1311877875.785934,1311877875.785934.png
1311877875.856503,1311877875.856503.png
1311877875.885955,1311877875.885955.png
1311877875.924964,1311877875.924964.png
1311877875.987980,1311877875.987980.png
1311877876.054848,1311877876.054848.png
1311877876.124079,1311877876.124079.png
1311877876.191964,1311877876.191964.png
1311877876.292924,1311877876.292924.png
1311877876.357071,1311877876.357071.png
1311877876.424663,1311877876.424663.png
1311877876.492202,1311877876.492202.png
1311877876.555526,1311877876.555526.png
1311877876.624553,1311877876.624553.png
1311877876.692465,1311877876.692465.png
1311877876.756143,1311877876.756143.png
1311877876.790179,1311877876.790179.png
1311877876.856452,1311877876.856452.png
1311877876.892300,1311877876.892300.png
1311877876.923160,1311877876.923160.png
1311877876.993169,1311877876.993169.png
1311877877.056516,1311877877.056516.png
1311877877.124727,1311877877.124727.png
1311877877.156431,1311877877.156431.png
1311877877.224242,1311877877.224242.png
1311877877.292453,1311877877.292453.png
1311877877.356541,1311877877.356541.png
1311877877.424182,1311877877.424182.png
1311877877.492404,1311877877.492404.png
1311877877.560763,1311877877.560763.png
1311877877.589853,1311877877.589853.png
1311877877.623164,1311877877.623164.png
1311877877.692146,1311877877.692146.png
1311877877.760367,1311877877.760367.png
1311877877.824028,1311877877.824028.png
1311877877.891901,1311877877.891901.png
1311877877.960255,1311877877.960255.png
1311877878.024280,1311877878.024280.png
1311877878.092371,1311877878.092371.png
1311877878.123467,1311877878.123467.png
1311877878.192105,1311877878.192105.png
1311877878.260799,1311877878.260799.png
1311877878.324192,1311877878.324192.png
1311877878.392324,1311877878.392324.png
1311877878.460038,1311877878.460038.png
1311877878.529489,1311877878.529489.png
1311877878.558858,1311877878.558858.png
1311877878.624260,1311877878.624260.png
1311877878.692428,1311877878.692428.png
1311877878.759776,1311877878.759776.png
1311877878.828525,1311877878.828525.png
1311877878.892193,1311877878.892193.png
1311877878.960080,1311877878.960080.png
1311877879.028080,1311877879.028080.png
1311877879.092180,1311877879.092180.png
1311877879.160457,1311877879.160457.png
1311877879.190411,1311877879.190411.png
1311877879.260237,1311877879.260237.png
1311877879.290989,1311877879.290989.png
1311877879.359954,1311877879.359954.png
1311877879.390938,1311877879.390938.png
1311877879.460122,1311877879.460122.png
1311877879.490346,1311877879.490346.png
1311877879.560056,1311877879.560056.png
1311877879.590329,1311877879.590329.png
1311877879.659838,1311877879.659838.png
1311877879.728361,1311877879.728361.png
1311877879.792195,1311877879.792195.png
1311877879.860283,1311877879.860283.png
1311877879.928315,1311877879.928315.png
1311877879.996051,1311877879.996051.png
1311877880.060524,1311877880.060524.png
1311877880.128267,1311877880.128267.png
1311877880.158774,1311877880.158774.png
1311877880.228628,1311877880.228628.png
1311877880.258820,1311877880.258820.png
1311877880.296535,1311877880.296535.png
1311877880.360459,1311877880.360459.png
1311877880.428263,1311877880.428263.png
1311877880.496487,1311877880.496487.png
1311877880.596206,1311877880.596206.png
1311877880.625747,1311877880.625747.png
1311877880.659693,1311877880.659693.png
1311877880.728333,1311877880.728333.png
1311877880.759826,1311877880.759826.png
1311877880.827668,1311877880.827668.png
1311877880.896162,1311877880.896162.png
1311877880.996938,1311877880.996938.png
1311877881.060795,1311877881.060795.png
1311877881.128353,1311877881.128353.png
1311877881.195877,1311877881.195877.png
1311877881.264290,1311877881.264290.png
1311877881.295162,1311877881.295162.png
1311877881.364460,1311877881.364460.png
1311877881.428674,1311877881.428674.png
1311877881.496746,1311877881.496746.png
1311877881.528421,1311877881.528421.png
1311877881.596555,1311877881.596555.png
1311877881.626153,1311877881.626153.png
1311877881.696348,1311877881.696348.png
1311877881.764866,1311877881.764866.png
1311877881.794093,1311877881.794093.png
1311877881.864158,1311877881.864158.png
1311877881.894048,1311877881.894048.png
1311877881.964702,1311877881.964702.png
1311877882.028711,1311877882.028711.png
1311877882.096819,1311877882.096819.png
1311877882.164930,1311877882.164930.png
1311877882.227913,1311877882.227913.png
1311877882.295460,1311877882.295460.png
1311877882.362786,1311877882.362786.png
1311877882.432435,1311877882.432435.png
1311877882.495385,1311877882.495385.png
1311877882.532519,1311877882.532519.png
1311877882.596059,1311877882.596059.png
1311877882.663363,1311877882.663363.png
1311877882.731717,1311877882.731717.png
1311877882.833160,1311877882.833160.png
1311877882.897511,1311877882.897511.png
1311877882.930557,1311877882.930557.png
1311877883.032685,1311877883.032685.png
1311877883.097068,1311877883.097068.png
1311877883.197105,1311877883.197105.png
1311877883.265183,1311877883.265183.png
1311877883.333542,1311877883.333542.png
1311877883.395767,1311877883.395767.png
1311877883.465314,1311877883.465314.png
1311877883.533655,1311877883.533655.png
1311877883.567211,1311877883.567211.png
1311877883.602310,1311877883.602310.png
1311877883.637153,1311877883.637153.png
1311877883.701237,1311877883.701237.png
1311877883.801612,1311877883.801612.png
1311877883.865181,1311877883.865181.png
1311877883.900238,1311877883.900238.png
1311877883.965828,1311877883.965828.png
1311877884.033502,1311877884.033502.png
1311877884.101881,1311877884.101881.png
1311877884.202678,1311877884.202678.png
1311877884.230591,1311877884.230591.png
1311877884.301939,1311877884.301939.png
1311877884.402540,1311877884.402540.png
1311877884.465792,1311877884.465792.png
1311877884.534753,1311877884.534753.png
1311877884.601154,1311877884.601154.png
1311877884.663154,1311877884.663154.png
1311877884.733752,1311877884.733752.png
1311877884.831345,1311877884.831345.png
1311877884.898905,1311877884.898905.png
1311877884.968546,1311877884.968546.png
1311877885.070324,1311877885.070324.png
1311877885.168902,1311877885.168902.png
1311877885.233012,1311877885.233012.png
1311877885.301606,1311877885.301606.png
1311877885.369922,1311877885.369922.png
1311877885.469454,1311877885.469454.png
1311877885.533753,1311877885.533753.png
1311877885.570354,1311877885.570354.png
1311877885.667915,1311877885.667915.png
1311877885.699348,1311877885.699348.png
1311877885.768961,1311877885.768961.png
1311877885.834470,1311877885.834470.png
1311877885.901810,1311877885.901810.png
1311877885.970114,1311877885.970114.png
1311877886.034150,1311877886.034150.png
1311877886.102133,1311877886.102133.png
1311877886.169476,1311877886.169476.png
1311877886.235578,1311877886.235578.png
1311877886.301964,1311877886.301964.png
1311877886.369302,1311877886.369302.png
1311877886.437343,1311877886.437343.png
1311877886.502199,1311877886.502199.png
1311877886.599689,1311877886.599689.png
1311877886.666893,1311877886.666893.png
1311877886.735509,1311877886.735509.png
1311877886.766464,1311877886.766464.png
1311877886.837408,1311877886.837408.png
1311877886.901395,1311877886.901395.png
1311877886.935507,1311877886.935507.png
1311877886.970557,1311877886.970557.png
1311877887.035274,1311877887.035274.png
1311877887.101619,1311877887.101619.png
1311877887.135518,1311877887.135518.png
1311877887.201421,1311877887.201421.png
1311877887.269074,1311877887.269074.png
1311877887.334604,1311877887.334604.png
1311877887.405354,1311877887.405354.png
1311877887.470649,1311877887.470649.png
1311877887.537599,1311877887.537599.png
1311877887.637462,1311877887.637462.png
1311877887.706103,1311877887.706103.png
1311877887.806128,1311877887.806128.png
1311877887.870424,1311877887.870424.png
1311877887.937039,1311877887.937039.png
1311877887.970270,1311877887.970270.png
1311877888.004872,1311877888.004872.png
1311877888.070356,1311877888.070356.png
1311877888.138217,1311877888.138217.png
1311877888.205068,1311877888.205068.png
1311877888.270427,1311877888.270427.png
1311877888.335932,1311877888.335932.png
1311877888.405797,1311877888.405797.png
1311877888.506113,1311877888.506113.png
1311877888.603401,1311877888.603401.png
1311877888.637036,1311877888.637036.png
1311877888.672655,1311877888.672655.png
1311877888.702302,1311877888.702302.png
1311877888.773422,1311877888.773422.png
1311877888.837140,1311877888.837140.png
1311877888.904730,1311877888.904730.png
1311877888.973606,1311877888.973606.png
1311877889.073477,1311877889.073477.png
1311877889.103065,1311877889.103065.png
1311877889.174125,1311877889.174125.png
1311877889.238700,1311877889.238700.png
1311877889.273073,1311877889.273073.png
1311877889.337761,1311877889.337761.png
1311877889.403814,1311877889.403814.png
1311877889.506462,1311877889.506462.png
1311877889.604737,1311877889.604737.png
1311877889.705060,1311877889.705060.png
1311877889.805732,1311877889.805732.png
1311877889.906251,1311877889.906251.png
1311877890.006199,1311877890.006199.png
1311877890.074385,1311877890.074385.png
1311877890.142270,1311877890.142270.png
1311877890.204172,1311877890.204172.png
1311877890.273798,1311877890.273798.png
1311877890.371499,1311877890.371499.png
1311877890.440567,1311877890.440567.png
1311877890.505951,1311877890.505951.png
1311877890.573608,1311877890.573608.png
1311877890.641486,1311877890.641486.png
1311877890.704835,1311877890.704835.png
1311877890.738704,1311877890.738704.png
1311877890.804783,1311877890.804783.png
1311877890.875266,1311877890.875266.png
1311877890.940177,1311877890.940177.png
1311877891.008923,1311877891.008923.png
1311877891.070807,1311877891.070807.png
1311877891.172079,1311877891.172079.png
1311877891.241621,1311877891.241621.png
1311877891.310077,1311877891.310077.png
1311877891.373738,1311877891.373738.png
1311877891.439634,1311877891.439634.png
1311877891.509194,1311877891.509194.png
1311877891.573883,1311877891.573883.png
1311877891.607610,1311877891.607610.png
1311877891.673576,1311877891.673576.png
1311877891.741583,1311877891.741583.png
1311877891.809640,1311877891.809640.png
1311877891.873659,1311877891.873659.png
1311877891.939301,1311877891.939301.png
1311877892.009471,1311877892.009471.png
1311877892.072978,1311877892.072978.png
1311877892.107024,1311877892.107024.png
1311877892.173677,1311877892.173677.png
1311877892.241842,1311877892.241842.png
1311877892.307709,1311877892.307709.png
1311877892.375568,1311877892.375568.png
1311877892.439484,1311877892.439484.png
1311877892.475000,1311877892.475000.png
1311877892.540680,1311877892.540680.png
1311877892.609324,1311877892.609324.png
1311877892.708955,1311877892.708955.png
1311877892.774517,1311877892.774517.png
1311877892.840894,1311877892.840894.png
1311877892.876364,1311877892.876364.png
1311877892.940976,1311877892.940976.png
1311877893.007567,1311877893.007567.png
1311877893.076424,1311877893.076424.png
1311877893.139832,1311877893.139832.png
1311877893.206246,1311877893.206246.png
1311877893.276329,1311877893.276329.png
1311877893.338733,1311877893.338733.png
1311877893.375279,1311877893.375279.png
1311877893.475877,1311877893.475877.png
1311877893.545204,1311877893.545204.png
1311877893.606372,1311877893.606372.png
1311877893.675848,1311877893.675848.png
1311877893.706288,1311877893.706288.png
1311877893.778115,1311877893.778115.png
1311877893.845338,1311877893.845338.png
1311877893.874449,1311877893.874449.png
1311877893.945032,1311877893.945032.png
1311877894.009480,1311877894.009480.png
1311877894.074209,1311877894.074209.png
1311877894.142275,1311877894.142275.png
1311877894.176909,1311877894.176909.png
1311877894.245728,1311877894.245728.png
1311877894.309345,1311877894.309345.png
1311877894.377850,1311877894.377850.png
1311877894.446040,1311877894.446040.png
1311877894.510165,1311877894.510165.png
1311877894.577445,1311877894.577445.png
1311877894.606522,1311877894.606522.png
1311877894.677999,1311877894.677999.png
1311877894.745821,1311877894.745821.png
1311877894.811519,1311877894.811519.png
1311877894.877824,1311877894.877824.png
1311877894.911788,1311877894.911788.png
1311877894.944857,1311877894.944857.png
1311877894.978143,1311877894.978143.png
1311877895.045541,1311877895.045541.png
1311877895.111263,1311877895.111263.png
1311877895.178082,1311877895.178082.png
1311877895.245075,1311877895.245075.png
1311877895.275881,1311877895.275881.png
1311877895.344328,1311877895.344328.png
1311877895.412800,1311877895.412800.png
1311877895.474857,1311877895.474857.png
1311877895.511882,1311877895.511882.png
1311877895.577909,1311877895.577909.png
1311877895.645258,1311877895.645258.png
1311877895.713587,1311877895.713587.png
1311877895.776834,1311877895.776834.png
1311877895.845450,1311877895.845450.png
1311877895.945846,1311877895.945846.png
1311877896.013081,1311877896.013081.png
1311877896.080359,1311877896.080359.png
1311877896.180614,1311877896.180614.png
1311877896.283027,1311877896.283027.png
1311877896.345240,1311877896.345240.png
1311877896.412522,1311877896.412522.png
1311877896.480070,1311877896.480070.png
1311877896.544670,1311877896.544670.png
1311877896.611074,1311877896.611074.png
1311877896.679211,1311877896.679211.png
1311877896.746011,1311877896.746011.png
1311877896.778434,1311877896.778434.png
1311877896.843047,1311877896.843047.png
1311877896.911389,1311877896.911389.png
1311877896.980090,1311877896.980090.png
1311877897.043301,1311877897.043301.png
1311877897.081587,1311877897.081587.png
1311877897.143652,1311877897.143652.png
1311877897.211944,1311877897.211944.png
1311877897.280676,1311877897.280676.png
1311877897.347713,1311877897.347713.png
1311877897.378357,1311877897.378357.png
1311877897.447073,1311877897.447073.png
1311877897.514355,1311877897.514355.png
1311877897.581046,1311877897.581046.png
1311877897.610471,1311877897.610471.png
1311877897.678586,1311877897.678586.png
1311877897.746662,1311877897.746662.png
1311877897.778740,1311877897.778740.png
1311877897.850000,1311877897.850000.png
1311877897.879186,1311877897.879186.png
1311877897.949291,1311877897.949291.png
1311877898.013299,1311877898.013299.png
1311877898.078843,1311877898.078843.png
1311877898.147021,1311877898.147021.png
1311877898.214098,1311877898.214098.png
1311877898.278621,1311877898.278621.png
1311877898.347483,1311877898.347483.png
1311877898.415238,1311877898.415238.png
1311877898.481009,1311877898.481009.png
1311877898.517846,1311877898.517846.png
1311877898.546180,1311877898.546180.png
1311877898.579554,1311877898.579554.png
1311877898.614342,1311877898.614342.png
1311877898.680833,1311877898.680833.png
1311877898.716555,1311877898.716555.png
1311877898.780149,1311877898.780149.png
1311877898.847709,1311877898.847709.png
1311877898.878242,1311877898.878242.png
1311877898.914943,1311877898.914943.png
1311877898.981019,1311877898.981019.png
1311877899.015966,1311877899.015966.png
1311877899.080505,1311877899.080505.png
1311877899.115155,1311877899.115155.png
1311877899.148124,1311877899.148124.png
1311877899.214106,1311877899.214106.png
1311877899.280839,1311877899.280839.png
1311877899.315025,1311877899.315025.png
1311877899.379783,1311877899.379783.png
1311877899.448125,1311877899.448125.png
1311877899.516041,1311877899.516041.png
1311877899.580222,1311877899.580222.png
1311877899.648091,1311877899.648091.png
1311877899.682385,1311877899.682385.png
1311877899.746368,1311877899.746368.png
1311877899.815793,1311877899.815793.png
1311877903.185437,1311877903.185437.png
1311877903.253391,1311877903.253391.png
1311877903.322386,1311877903.322386.png
1311877903.352384,1311877903.352384.png
1311877903.386394,1311877903.386394.png
1311877903.455136,1311877903.455136.png
1311877903.521627,1311877903.521627.png
1311877903.550392,1311877903.550392.png
1311877903.588070,1311877903.588070.png
1311877903.653591,1311877903.653591.png
1311877903.720138,1311877903.720138.png
1311877903.751397,1311877903.751397.png
1311877903.820422,1311877903.820422.png
1311877903.889044,1311877903.889044.png
1311877903.919482,1311877903.919482.png
1311877903.989942,1311877903.989942.png
1311877904.053390,1311877904.053390.png
1311877904.086326,1311877904.086326.png
1311877904.119761,1311877904.119761.png
1311877904.191728,1311877904.191728.png
1311877904.252609,1311877904.252609.png
1311877904.320667,1311877904.320667.png
1311877904.388053,1311877904.388053.png
1311877904.420855,1311877904.420855.png
1311877904.450594,1311877904.450594.png
1311877904.521096,1311877904.521096.png
1311877904.588123,1311877904.588123.png
1311877904.656024,1311877904.656024.png
1311877904.686078,1311877904.686078.png
1311877904.757880,1311877904.757880.png
1311877904.820492,1311877904.820492.png
1311877904.856742,1311877904.856742.png
1311877904.887242,1311877904.887242.png
1311877904.919295,1311877904.919295.png
1311877904.989714,1311877904.989714.png
1311877905.057660,1311877905.057660.png
1311877905.086422,1311877905.086422.png
1311877905.119450,1311877905.119450.png
1311877905.189778,1311877905.189778.png
1311877905.257623,1311877905.257623.png
1311877905.321879,1311877905.321879.png
1311877905.389898,1311877905.389898.png
1311877905.418179,1311877905.418179.png
1311877905.489153,1311877905.489153.png
1311877905.555567,1311877905.555567.png
1311877905.620363,1311877905.620363.png
1311877905.654564,1311877905.654564.png
1311877905.721330,1311877905.721330.png
1311877905.789083,1311877905.789083.png
1311877905.797853,1311877905.797853.png
1311877905.889772,1311877905.889772.png
1311877905.923891,1311877905.923891.png
1311877905.989189,1311877905.989189.png
1311877906.057163,1311877906.057163.png
1311877906.124993,1311877906.124993.png
1311877906.154578,1311877906.154578.png
1311877906.225730,1311877906.225730.png
1311877906.289109,1311877906.289109.png
1311877906.322249,1311877906.322249.png
1311877906.387743,1311877906.387743.png
1311877906.454598,1311877906.454598.png
1311877906.486251,1311877906.486251.png
1311877906.524938,1311877906.524938.png
1311877906.589403,1311877906.589403.png
1311877906.622760,1311877906.622760.png
1311877906.654656,1311877906.654656.png
1311877906.686792,1311877906.686792.png
1311877906.757750,1311877906.757750.png
1311877906.824325,1311877906.824325.png
1311877906.888302,1311877906.888302.png
1311877906.956728,1311877906.956728.png
1311877907.025329,1311877907.025329.png
1311877907.091310,1311877907.091310.png
1311877907.158220,1311877907.158220.png
1311877907.225507,1311877907.225507.png
1311877907.292975,1311877907.292975.png
1311877907.357351,1311877907.357351.png
1311877907.425755,1311877907.425755.png
1311877907.494011,1311877907.494011.png
1311877907.555027,1311877907.555027.png
1311877907.625547,1311877907.625547.png
1311877907.654903,1311877907.654903.png
1311877907.691854,1311877907.691854.png
1311877907.756747,1311877907.756747.png
1311877907.791033,1311877907.791033.png
1311877907.823654,1311877907.823654.png
1311877907.893075,1311877907.893075.png
1311877907.958215,1311877907.958215.png
1311877908.023968,1311877908.023968.png
1311877908.054814,1311877908.054814.png
1311877908.095876,1311877908.095876.png
1311877908.123077,1311877908.123077.png
1311877908.190851,1311877908.190851.png
1311877908.256214,1311877908.256214.png
1311877908.292018,1311877908.292018.png
1311877908.323188,1311877908.323188.png
1311877908.393545,1311877908.393545.png
1311877908.459679,1311877908.459679.png
1311877908.525444,1311877908.525444.png
1311877908.592193,1311877908.592193.png
1311877908.658974,1311877908.658974.png
1311877908.724572,1311877908.724572.png
1311877908.791802,1311877908.791802.png
1311877908.861249,1311877908.861249.png
1311877908.922178,1311877908.922178.png
1311877908.990582,1311877908.990582.png
1311877909.022519,1311877909.022519.png
1311877909.093595,1311877909.093595.png
1311877909.161515,1311877909.161515.png
1311877909.222293,1311877909.222293.png
1311877909.297476,1311877909.297476.png
1311877909.360898,1311877909.360898.png
1311877909.390393,1311877909.390393.png
1311877909.422547,1311877909.422547.png
1311877909.493344,1311877909.493344.png
1311877909.560650,1311877909.560650.png
1311877909.628644,1311877909.628644.png
1311877909.691163,1311877909.691163.png
1311877909.758914,1311877909.758914.png
1311877909.827363,1311877909.827363.png
1311877909.858177,1311877909.858177.png
1311877909.929359,1311877909.929359.png
1311877909.993034,1311877909.993034.png
1311877910.059710,1311877910.059710.png
1311877910.129382,1311877910.129382.png
1311877910.158318,1311877910.158318.png
1311877910.228316,1311877910.228316.png
1311877910.258166,1311877910.258166.png
1311877910.329494,1311877910.329494.png
1311877910.391625,1311877910.391625.png
1311877910.461384,1311877910.461384.png
1311877910.490182,1311877910.490182.png
1311877910.527660,1311877910.527660.png
1311877910.593318,1311877910.593318.png
1311877910.661111,1311877910.661111.png
1311877910.728584,1311877910.728584.png
1311877910.797421,1311877910.797421.png
1311877910.826013,1311877910.826013.png
1311877910.897010,1311877910.897010.png
1311877910.959428,1311877910.959428.png
1311877911.029288,1311877911.029288.png
1311877911.058502,1311877911.058502.png
1311877911.128549,1311877911.128549.png
1311877911.196978,1311877911.196978.png
1311877911.261542,1311877911.261542.png
1311877911.329313,1311877911.329313.png
1311877911.358435,1311877911.358435.png
1311877911.429199,1311877911.429199.png
1311877911.497159,1311877911.497159.png
1311877911.561532,1311877911.561532.png
1311877911.629392,1311877911.629392.png
1311877911.696788,1311877911.696788.png
1311877911.727062,1311877911.727062.png
1311877911.797177,1311877911.797177.png
1311877911.861371,1311877911.861371.png
1311877911.929148,1311877911.929148.png
1311877911.997693,1311877911.997693.png
1311877912.065236,1311877912.065236.png
1311877912.126226,1311877912.126226.png
1311877912.197456,1311877912.197456.png
1311877912.264406,1311877912.264406.png
1311877912.329261,1311877912.329261.png
1311877912.363144,1311877912.363144.png
1311877912.394067,1311877912.394067.png
1311877912.463289,1311877912.463289.png
1311877912.527958,1311877912.527958.png
1311877912.597467,1311877912.597467.png
1311877912.665789,1311877912.665789.png
1311877912.728905,1311877912.728905.png
1311877912.763337,1311877912.763337.png
1311877912.794197,1311877912.794197.png
1311877912.826392,1311877912.826392.png
1311877912.897255,1311877912.897255.png
1311877912.926027,1311877912.926027.png
1311877912.997638,1311877912.997638.png
1311877913.063149,1311877913.063149.png
1311877913.129836,1311877913.129836.png
1311877913.195365,1311877913.195365.png
1311877913.265143,1311877913.265143.png
1311877913.332866,1311877913.332866.png
1311877913.363139,1311877913.363139.png
1311877913.437707,1311877913.437707.png
1311877913.533451,1311877913.533451.png
1311877913.562349,1311877913.562349.png
1311877913.634186,1311877913.634186.png
1311877913.698164,1311877913.698164.png
1311877913.730315,1311877913.730315.png
1311877913.762289,1311877913.762289.png
1311877913.794165,1311877913.794165.png
1311877913.831926,1311877913.831926.png
1311877913.894615,1311877913.894615.png
1311877913.964461,1311877913.964461.png
1311877914.033935,1311877914.033935.png
1311877914.096605,1311877914.096605.png
1311877914.165379,1311877914.165379.png
1311877914.233711,1311877914.233711.png
1311877914.296738,1311877914.296738.png
1311877914.364336,1311877914.364336.png
1311877914.394794,1311877914.394794.png
1311877914.465029,1311877914.465029.png
1311877914.498730,1311877914.498730.png
1311877914.530318,1311877914.530318.png
1311877914.564133,1311877914.564133.png
1311877914.601022,1311877914.601022.png
1311877914.664997,1311877914.664997.png
1311877914.698419,1311877914.698419.png
1311877914.765608,1311877914.765608.png
1311877914.829954,1311877914.829954.png
1311877914.862206,1311877914.862206.png
1311877914.933173,1311877914.933173.png
1311877914.961880,1311877914.961880.png
1311877914.998200,1311877914.998200.png
1311877915.065329,1311877915.065329.png
1311877915.132784,1311877915.132784.png
1311877915.161885,1311877915.161885.png
1311877915.200031,1311877915.200031.png
1311877915.230230,1311877915.230230.png
1311877915.261958,1311877915.261958.png
1311877915.331393,1311877915.331393.png
1311877915.401398,1311877915.401398.png
1311877915.464549,1311877915.464549.png
1311877915.532767,1311877915.532767.png
1311877915.601695,1311877915.601695.png
1311877915.662084,1311877915.662084.png
1311877915.732823,1311877915.732823.png
1311877915.802021,1311877915.802021.png
1311877915.869041,1311877915.869041.png
1311877915.933691,1311877915.933691.png
1311877916.034640,1311877916.034640.png
1311877916.098467,1311877916.098467.png
1311877916.169630,1311877916.169630.png
1311877916.233654,1311877916.233654.png
1311877916.266472,1311877916.266472.png
1311877916.333144,1311877916.333144.png
1311877916.401582,1311877916.401582.png
1311877916.430366,1311877916.430366.png
1311877916.466059,1311877916.466059.png
1311877916.567515,1311877916.567515.png
1311877916.630875,1311877916.630875.png
1311877916.701308,1311877916.701308.png
1311877916.801867,1311877916.801867.png
1311877916.901941,1311877916.901941.png
1311877916.966229,1311877916.966229.png
1311877917.036387,1311877917.036387.png
1311877917.099995,1311877917.099995.png
1311877917.175988,1311877917.175988.png
1311877917.235882,1311877917.235882.png
1311877917.265979,1311877917.265979.png
1311877917.336008,1311877917.336008.png
1311877917.399731,1311877917.399731.png
1311877917.435135,1311877917.435135.png
1311877917.466116,1311877917.466116.png
1311877917.537258,1311877917.537258.png
1311877917.603974,1311877917.603974.png
1311877917.701167,1311877917.701167.png
1311877917.768495,1311877917.768495.png
1311877917.837444,1311877917.837444.png
1311877917.901305,1311877917.901305.png
1311877917.968970,1311877917.968970.png
1311877918.036663,1311877918.036663.png
1311877918.101373,1311877918.101373.png
1311877918.169379,1311877918.169379.png
1311877918.235641,1311877918.235641.png
1311877918.301897,1311877918.301897.png
1311877918.369448,1311877918.369448.png
1311877918.436005,1311877918.436005.png
1311877918.465846,1311877918.465846.png
1311877918.503457,1311877918.503457.png
1311877918.570189,1311877918.570189.png
1311877918.638655,1311877918.638655.png
1311877918.702700,1311877918.702700.png
1311877918.766108,1311877918.766108.png
1311877918.837471,1311877918.837471.png
1311877918.868903,1311877918.868903.png
1311877918.904684,1311877918.904684.png
1311877918.969851,1311877918.969851.png
1311877919.003051,1311877919.003051.png
1311877919.069838,1311877919.069838.png
1311877919.138882,1311877919.138882.png
1311877919.237782,1311877919.237782.png
1311877919.305555,1311877919.305555.png
1311877919.369853,1311877919.369853.png
1311877919.438323,1311877919.438323.png
1311877919.505495,1311877919.505495.png
1311877919.607760,1311877919.607760.png
1311877919.704921,1311877919.704921.png
1311877919.735589,1311877919.735589.png
1311877919.805682,1311877919.805682.png
1311877919.834368,1311877919.834368.png
1311877919.873786,1311877919.873786.png
1311877919.974341,1311877919.974341.png
1311877920.037322,1311877920.037322.png
1311877920.105195,1311877920.105195.png
1311877920.173439,1311877920.173439.png
1311877920.204205,1311877920.204205.png
1311877920.273532,1311877920.273532.png
1311877920.338449,1311877920.338449.png
1311877920.405208,1311877920.405208.png
1311877920.435006,1311877920.435006.png
1311877920.505019,1311877920.505019.png
1311877920.605774,1311877920.605774.png
1311877920.673676,1311877920.673676.png
1311877920.702602,1311877920.702602.png
1311877920.740394,1311877920.740394.png
1311877920.773148,1311877920.773148.png
1311877920.802893,1311877920.802893.png
1311877920.873188,1311877920.873188.png
1311877920.974096,1311877920.974096.png
1311877921.073697,1311877921.073697.png
1311877921.173580,1311877921.173580.png
1311877921.273494,1311877921.273494.png
1311877921.341264,1311877921.341264.png
1311877921.405470,1311877921.405470.png
1311877921.506126,1311877921.506126.png
1311877921.573780,1311877921.573780.png
1311877921.641532,1311877921.641532.png
1311877921.705337,1311877921.705337.png
1311877921.773056,1311877921.773056.png
1311877921.841540,1311877921.841540.png
1311877921.871669,1311877921.871669.png
1311877921.941596,1311877921.941596.png
1311877921.970975,1311877921.970975.png
1311877922.041152,1311877922.041152.png
1311877922.110696,1311877922.110696.png
1311877922.174059,1311877922.174059.png
1311877922.273284,1311877922.273284.png
1311877922.373476,1311877922.373476.png
1311877922.473749,1311877922.473749.png
1311877922.541201,1311877922.541201.png
1311877922.641625,1311877922.641625.png
1311877922.709364,1311877922.709364.png
1311877922.773993,1311877922.773993.png
1311877922.809559,1311877922.809559.png
1311877922.838641,1311877922.838641.png
1311877922.909658,1311877922.909658.png
1311877922.938344,1311877922.938344.png
1311877923.009508,1311877923.009508.png
1311877923.039833,1311877923.039833.png
1311877923.140077,1311877923.140077.png
1311877923.209415,1311877923.209415.png
1311877923.277368,1311877923.277368.png
1311877923.378325,1311877923.378325.png
1311877923.441448,1311877923.441448.png
1311877923.509417,1311877923.509417.png
1311877923.577244,1311877923.577244.png
1311877923.641976,1311877923.641976.png
1311877923.709411,1311877923.709411.png
1311877923.773768,1311877923.773768.png
1311877923.841018,1311877923.841018.png
1311877923.875150,1311877923.875150.png
1311877923.942344,1311877923.942344.png
1311877924.009453,1311877924.009453.png
1311877924.077946,1311877924.077946.png
1311877924.177271,1311877924.177271.png
1311877924.206941,1311877924.206941.png
1311877924.277106,1311877924.277106.png
1311877924.376777,1311877924.376777.png
1311877924.475259,1311877924.475259.png
1311877924.577952,1311877924.577952.png
1311877924.643288,1311877924.643288.png
1311877924.706285,1311877924.706285.png
1311877924.742355,1311877924.742355.png
1311877924.805843,1311877924.805843.png
1311877924.878023,1311877924.878023.png
1311877924.945798,1311877924.945798.png
1311877925.008673,1311877925.008673.png
1311877925.077214,1311877925.077214.png
1311877925.176361,1311877925.176361.png
1311877925.242628,1311877925.242628.png
1311877925.305747,1311877925.305747.png
1311877925.376720,1311877925.376720.png
1311877925.475200,1311877925.475200.png
1311877925.505836,1311877925.505836.png
1311877925.575764,1311877925.575764.png
1311877925.643411,1311877925.643411.png
1311877925.712264,1311877925.712264.png
1311877925.776291,1311877925.776291.png
1311877925.844093,1311877925.844093.png
1311877925.911365,1311877925.911365.png
1311877925.974205,1311877925.974205.png
1311877926.045221,1311877926.045221.png
1311877926.110110,1311877926.110110.png
1311877926.175465,1311877926.175465.png
1311877926.244873,1311877926.244873.png
1311877926.312712,1311877926.312712.png
1311877926.377249,1311877926.377249.png
1311877926.444180,1311877926.444180.png
1311877926.511100,1311877926.511100.png
1311877926.542545,1311877926.542545.png
1311877926.575741,1311877926.575741.png
1311877926.644310,1311877926.644310.png
1311877926.712888,1311877926.712888.png
1311877926.742521,1311877926.742521.png
1311877926.813169,1311877926.813169.png
1311877926.881070,1311877926.881070.png
1311877926.946146,1311877926.946146.png
1311877927.013767,1311877927.013767.png
1311877927.042544,1311877927.042544.png
1311877927.113272,1311877927.113272.png
1311877927.181471,1311877927.181471.png
1311877927.245610,1311877927.245610.png
1311877927.345152,1311877927.345152.png
1311877927.413535,1311877927.413535.png
1311877927.481299,1311877927.481299.png
1311877927.545781,1311877927.545781.png
1311877927.613065,1311877927.613065.png
1311877927.712993,1311877927.712993.png
1311877927.781966,1311877927.781966.png
1311877927.845353,1311877927.845353.png
1311877927.912869,1311877927.912869.png
1311877927.943583,1311877927.943583.png
1311877928.013576,1311877928.013576.png
1311877928.049942,1311877928.049942.png
